VN-01	POLYGON((103.55 22.649,103.546 22.631,103.514 22.587,103.473 22.592,103.448 22.618,103.404 22.689,103.402 22.738,103.344 22.783,103.31 22.788,103.27 22.723,103.252 22.679,103.228 22.656,103.168 22.626,103.142 22.607,103.13 22.578,103.145 22.556,103.142 22.538,103.091 22.505,103.044 22.486,103.045 22.441,103.029 22.43,102.989 22.438,102.957 22.46,102.92 22.469,102.894 22.487,102.859 22.551,102.845 22.585,102.813 22.609,102.752 22.625,102.693 22.671,102.612 22.692,102.587 22.716,102.558 22.695,102.536 22.696,102.516 22.745,102.468 22.769,102.443 22.765,102.426 22.745,102.415 22.71,102.395 22.681,102.363 22.677,102.356 22.659,102.384 22.629,102.377 22.616,102.325 22.565,102.379 22.576,102.458 22.562,102.509 22.567,102.537 22.542,102.568 22.524,102.578 22.507,102.645 22.436,102.663 22.424,102.701 22.414,102.737 22.393,102.777 22.36,102.8 22.331,102.818 22.297,102.825 22.233,102.845 22.205,102.89 22.212,102.908 22.203,102.922 22.156,102.952 22.136,103.04 22.148,103.096 22.122,103.14 22.086,103.177 22.088,103.264 22.048,103.267 22.082,103.324 22.149,103.361 22.158,103.4 22.136,103.417 22.081,103.441 22.062,103.458 22.031,103.462 21.99,103.497 21.968,103.55 21.887,103.536 21.963,103.541 21.999,103.569 22.034,103.586 22.118,103.622 22.18,103.649 22.202,103.699 22.215,103.726 22.236,103.772 22.288,103.794 22.327,103.802 22.363,103.779 22.399,103.747 22.42,103.703 22.425,103.653 22.418,103.613 22.434,103.588 22.452,103.578 22.482,103.61 22.517,103.613 22.534,103.602 22.579,103.571 22.632,103.55 22.649))
VN-02	POLYGON((104.362 22.693,104.34 22.686,104.249 22.728,104.237 22.742,104.229 22.783,104.241 22.824,104.213 22.825,104.128 22.797,104.087 22.792,104.073 22.783,104.024 22.719,104.014 22.691,104.007 22.63,103.986 22.57,103.985 22.527,103.96 22.507,103.917 22.533,103.895 22.569,103.867 22.575,103.83 22.609,103.794 22.659,103.726 22.716,103.659 22.793,103.647 22.799,103.59 22.768,103.568 22.725,103.545 22.691,103.55 22.649,103.571 22.632,103.602 22.579,103.613 22.534,103.61 22.517,103.578 22.482,103.588 22.452,103.613 22.434,103.653 22.418,103.703 22.425,103.747 22.42,103.779 22.399,103.802 22.363,103.794 22.327,103.772 22.288,103.726 22.236,103.699 22.215,103.649 22.202,103.622 22.18,103.586 22.118,103.569 22.034,103.605 22.042,103.635 22.024,103.648 22.004,103.692 21.894,103.711 21.861,103.835 21.733,103.878 21.709,103.925 21.72,103.95 21.766,103.952 21.792,103.913 21.854,103.922 21.878,103.959 21.927,103.977 21.968,104.005 21.966,104.034 21.94,104.069 21.922,104.132 21.915,104.165 21.905,104.188 21.889,104.206 21.892,104.221 21.925,104.221 21.95,104.232 21.96,104.351 21.906,104.394 21.899,104.411 21.905,104.436 21.934,104.443 21.954,104.441 21.989,104.389 22.079,104.381 22.1,104.399 22.135,104.431 22.148,104.474 22.143,104.542 22.1,104.565 22.1,104.609 22.154,104.645 22.172,104.646 22.197,104.632 22.227,104.628 22.258,104.605 22.233,104.594 22.24,104.602 22.298,104.595 22.332,104.55 22.371,104.482 22.405,104.466 22.437,104.466 22.467,104.44 22.553,104.45 22.572,104.476 22.573,104.473 22.593,104.422 22.651,104.381 22.662,104.362 22.693))
VN-03	POLYGON((105.521 23.163,105.474 23.195,105.431 23.268,105.414 23.278,105.39 23.275,105.36 23.292,105.332 23.318,105.312 23.366,105.28 23.359,105.236 23.32,105.218 23.265,105.19 23.252,105.156 23.267,105.142 23.254,105.061 23.232,104.981 23.19,104.945 23.16,104.921 23.156,104.895 23.17,104.87 23.164,104.861 23.12,104.836 23.1,104.798 23.086,104.827 22.954,104.824 22.924,104.774 22.896,104.728 22.839,104.701 22.818,104.663 22.811,104.61 22.823,104.579 22.809,104.554 22.836,104.533 22.814,104.469 22.765,104.449 22.745,104.362 22.693,104.381 22.662,104.422 22.651,104.473 22.593,104.476 22.573,104.45 22.572,104.44 22.553,104.466 22.467,104.466 22.437,104.482 22.405,104.55 22.371,104.595 22.332,104.602 22.298,104.594 22.24,104.605 22.233,104.628 22.258,104.651 22.269,104.69 22.264,104.723 22.239,104.749 22.201,104.77 22.181,104.82 22.168,104.848 22.17,104.889 22.21,104.929 22.268,104.938 22.292,104.94 22.332,104.957 22.354,104.992 22.353,105.021 22.343,105.049 22.357,105.066 22.423,105.083 22.46,105.135 22.526,105.16 22.588,105.17 22.637,105.197 22.648,105.235 22.639,105.344 22.601,105.407 22.597,105.5 22.581,105.568 22.592,105.52 22.663,105.489 22.73,105.452 22.775,105.303 22.855,105.302 22.876,105.359 22.914,105.433 23.001,105.478 23.001,105.498 23.024,105.51 23.087,105.535 23.099,105.535 23.136,105.521 23.163))
VN-04	POLYGON((105.535 23.099,105.51 23.087,105.498 23.024,105.478 23.001,105.433 23.001,105.359 22.914,105.302 22.876,105.303 22.855,105.452 22.775,105.489 22.73,105.52 22.663,105.568 22.592,105.613 22.632,105.648 22.678,105.693 22.711,105.725 22.724,105.768 22.718,105.777 22.706,105.764 22.658,105.762 22.631,105.788 22.579,105.804 22.526,105.815 22.505,105.843 22.482,105.88 22.472,105.91 22.48,105.996 22.525,106.048 22.54,106.082 22.542,106.108 22.531,106.109 22.502,106.132 22.48,106.138 22.432,106.162 22.409,106.193 22.407,106.226 22.435,106.258 22.446,106.286 22.441,106.37 22.389,106.399 22.378,106.453 22.376,106.497 22.384,106.533 22.403,106.53 22.449,106.546 22.473,106.569 22.575,106.588 22.608,106.608 22.61,106.646 22.569,106.68 22.579,106.698 22.631,106.736 22.695,106.747 22.744,106.791 22.772,106.79 22.797,106.731 22.8,106.715 22.826,106.667 22.868,106.648 22.867,106.633 22.85,106.61 22.853,106.582 22.895,106.567 22.904,106.488 22.925,106.474 22.897,106.458 22.889,106.316 22.854,106.277 22.851,106.234 22.864,106.223 22.912,106.202 22.947,106.17 22.966,106.132 22.975,106.078 22.981,105.999 22.975,105.974 22.94,105.945 22.928,105.887 22.93,105.854 22.905,105.836 22.917,105.755 23.006,105.72 23.02,105.69 23.044,105.637 23.051,105.566 23.054,105.54 23.075,105.535 23.099))
VN-05	POLYGON((103.389 20.794,103.427 20.821,103.453 20.804,103.471 20.771,103.497 20.748,103.578 20.733,103.597 20.722,103.665 20.658,103.698 20.662,103.714 20.672,103.704 20.699,103.707 20.722,103.734 20.731,103.759 20.75,103.753 20.78,103.776 20.835,103.796 20.85,103.836 20.852,103.859 20.87,103.952 20.9,104.011 20.908,104.057 20.959,104.092 20.961,104.132 20.942,104.165 20.94,104.194 20.93,104.221 20.892,104.26 20.899,104.295 20.88,104.336 20.819,104.36 20.808,104.389 20.771,104.453 20.764,104.466 20.75,104.476 20.718,104.492 20.702,104.544 20.679,104.601 20.661,104.614 20.643,104.643 20.642,104.676 20.624,104.728 20.585,104.776 20.575,104.81 20.59,104.843 20.626,104.84 20.697,104.857 20.728,104.887 20.734,104.974 20.73,105.014 20.739,105.052 20.768,105.077 20.772,105.093 20.794,105.087 20.813,105.014 20.86,104.914 20.964,104.904 20.99,104.88 21.023,104.882 21.061,104.909 21.101,104.878 21.13,104.872 21.149,104.876 21.204,104.866 21.25,104.829 21.33,104.81 21.326,104.779 21.335,104.748 21.384,104.721 21.391,104.691 21.381,104.653 21.39,104.604 21.413,104.558 21.405,104.491 21.366,104.446 21.368,104.357 21.416,104.328 21.444,104.311 21.496,104.318 21.564,104.35 21.654,104.35 21.671,104.327 21.7,104.307 21.71,104.27 21.7,104.232 21.67,104.204 21.661,104.17 21.659,104.016 21.685,103.925 21.72,103.878 21.709,103.835 21.733,103.711 21.861,103.692 21.894,103.648 22.004,103.635 22.024,103.605 22.042,103.569 22.034,103.541 21.999,103.536 21.963,103.55 21.887,103.557 21.754,103.569 21.674,103.562 21.611,103.526 21.561,103.481 21.524,103.466 21.505,103.454 21.465,103.436 21.443,103.397 21.427,103.378 21.406,103.393 21.377,103.402 21.332,103.439 21.305,103.45 21.267,103.44 21.2,103.421 21.16,103.421 21.13,103.438 21.073,103.417 21.055,103.38 21.053,103.345 21.063,103.318 21.081,103.295 21.083,103.286 21.07,103.292 21.025,103.279 21.001,103.258 20.989,103.244 20.963,103.24 20.928,103.228 20.89,103.226 20.826,103.263 20.826,103.32 20.798,103.364 20.788,103.389 20.794))
VN-06	POLYGON((104.848 22.17,104.82 22.168,104.77 22.181,104.749 22.201,104.723 22.239,104.69 22.264,104.651 22.269,104.628 22.258,104.632 22.227,104.646 22.197,104.645 22.172,104.609 22.154,104.565 22.1,104.542 22.1,104.474 22.143,104.431 22.148,104.399 22.135,104.381 22.1,104.389 22.079,104.441 21.989,104.443 21.954,104.436 21.934,104.411 21.905,104.394 21.899,104.351 21.906,104.232 21.96,104.221 21.95,104.221 21.925,104.206 21.892,104.188 21.889,104.165 21.905,104.132 21.915,104.069 21.922,104.034 21.94,104.005 21.966,103.977 21.968,103.959 21.927,103.922 21.878,103.913 21.854,103.952 21.792,103.95 21.766,103.925 21.72,104.016 21.685,104.17 21.659,104.204 21.661,104.232 21.67,104.27 21.7,104.307 21.71,104.327 21.7,104.35 21.671,104.35 21.654,104.318 21.564,104.311 21.496,104.328 21.444,104.357 21.416,104.446 21.368,104.491 21.366,104.558 21.405,104.604 21.413,104.653 21.39,104.691 21.381,104.721 21.391,104.748 21.384,104.779 21.335,104.81 21.326,104.829 21.33,104.895 21.365,104.919 21.398,104.918 21.42,104.896 21.485,104.888 21.523,104.89 21.567,104.922 21.621,104.947 21.64,104.998 21.661,105.072 21.679,105.112 21.704,105.09 21.729,105.086 21.75,105.1 21.795,105.076 21.837,105.01 21.906,104.997 21.924,104.998 21.974,104.983 22.007,104.92 22.053,104.884 22.089,104.848 22.17))
VN-07	POLYGON((105.112 21.704,105.176 21.667,105.233 21.619,105.279 21.569,105.317 21.514,105.393 21.496,105.46 21.497,105.539 21.52,105.578 21.544,105.555 21.557,105.522 21.608,105.518 21.672,105.534 21.867,105.558 21.951,105.546 21.996,105.51 22.056,105.495 22.101,105.489 22.154,105.495 22.269,105.5 22.295,105.52 22.34,105.553 22.39,105.589 22.429,105.609 22.47,105.607 22.518,105.586 22.565,105.568 22.592,105.5 22.581,105.407 22.597,105.344 22.601,105.235 22.639,105.197 22.648,105.17 22.637,105.16 22.588,105.135 22.526,105.083 22.46,105.066 22.423,105.049 22.357,105.021 22.343,104.992 22.353,104.957 22.354,104.94 22.332,104.938 22.292,104.929 22.268,104.889 22.21,104.848 22.17,104.884 22.089,104.92 22.053,104.983 22.007,104.998 21.974,104.997 21.924,105.01 21.906,105.076 21.837,105.1 21.795,105.086 21.75,105.09 21.729,105.112 21.704))
VN-09	POLYGON((106.533 22.403,106.497 22.384,106.453 22.376,106.399 22.378,106.37 22.389,106.286 22.441,106.258 22.446,106.226 22.435,106.193 22.407,106.211 22.37,106.22 22.321,106.252 22.282,106.26 22.262,106.24 22.198,106.19 22.112,106.173 22.094,106.133 22.069,106.119 22.035,106.114 21.948,106.118 21.898,106.136 21.846,106.142 21.805,106.181 21.785,106.253 21.695,106.255 21.677,106.208 21.631,106.168 21.571,106.158 21.546,106.165 21.517,106.197 21.502,106.26 21.491,106.292 21.477,106.353 21.424,106.399 21.411,106.436 21.418,106.46 21.431,106.49 21.47,106.522 21.545,106.559 21.587,106.58 21.599,106.631 21.61,106.682 21.599,106.732 21.551,106.748 21.549,106.811 21.593,106.839 21.593,106.858 21.541,106.922 21.445,106.944 21.437,106.997 21.446,107.014 21.426,107.014 21.396,107.024 21.376,107.065 21.361,107.127 21.37,107.191 21.393,107.215 21.407,107.242 21.437,107.246 21.487,107.225 21.528,107.242 21.556,107.334 21.613,107.303 21.689,107.273 21.718,107.212 21.705,107.172 21.715,107.095 21.779,107.066 21.796,107.003 21.811,106.987 21.845,107.021 21.892,107.009 21.927,106.971 21.936,106.92 21.917,106.899 21.928,106.865 21.968,106.841 21.974,106.782 21.975,106.748 22,106.722 22.007,106.69 21.973,106.659 21.963,106.648 21.996,106.668 22.043,106.672 22.093,106.658 22.12,106.661 22.144,106.64 22.191,106.663 22.223,106.64 22.297,106.617 22.323,106.555 22.332,106.537 22.361,106.533 22.403))
VN-13	MULTIPOLYGON(((107.334 21.613,107.242 21.556,107.225 21.528,107.246 21.487,107.242 21.437,107.215 21.407,107.191 21.393,107.127 21.37,107.065 21.361,107.015 21.335,106.999 21.315,106.988 21.252,106.964 21.198,106.924 21.184,106.877 21.177,106.824 21.162,106.759 21.162,106.546 21.194,106.516 21.15,106.495 21.13,106.457 21.115,106.441 21.099,106.444 21.064,106.478 21.053,106.578 21.042,106.605 21.025,106.651 21.018,106.659 21.025,106.71 21.02,106.731 21.03,106.762 21.015,106.785 21.013,106.82 20.986,106.817 20.969,106.772 20.957,106.783 20.943,106.833 20.924,106.852 20.91,106.868 20.883,106.888 20.91,106.917 20.904,106.932 20.915,106.922 20.938,106.883 20.961,106.854 20.992,106.885 20.993,106.909 20.972,106.947 20.954,106.982 20.95,107.017 20.958,107.021 20.986,107.053 21.014,107.081 21.016,107.123 21.037,107.149 21.034,107.095 21,107.066 20.965,107.085 20.951,107.134 20.945,107.161 20.932,107.197 20.938,107.193 20.953,107.224 20.987,107.224 20.998,107.266 21.004,107.334 21.006,107.374 21.028,107.364 21.04,107.354 21.082,107.375 21.116,107.388 21.185,107.354 21.191,107.361 21.239,107.392 21.28,107.424 21.28,107.443 21.294,107.409 21.315,107.415 21.329,107.457 21.318,107.472 21.304,107.527 21.299,107.547 21.315,107.562 21.298,107.599 21.299,107.608 21.336,107.65 21.377,107.669 21.385,107.669 21.411,107.698 21.398,107.721 21.411,107.749 21.411,107.768 21.456,107.786 21.458,107.78 21.503,107.796 21.519,107.827 21.527,107.829 21.495,107.848 21.493,107.882 21.534,107.919 21.518,107.93 21.483,107.916 21.458,107.93 21.443,107.97 21.476,107.991 21.486,107.944 21.531,107.931 21.534,107.896 21.569,107.855 21.6,107.832 21.639,107.778 21.656,107.745 21.658,107.69 21.625,107.613 21.606,107.533 21.609,107.51 21.582,107.461 21.596,107.457 21.631,107.446 21.647,107.41 21.645,107.383 21.619,107.348 21.599,107.334 21.613)),((107.08 20.8,107.071 20.82,107.043 20.831,107.046 20.849,107.023 20.862,106.994 20.852,106.947 20.856,106.913 20.837,106.91 20.819,106.95 20.787,106.985 20.745,107.005 20.732,107.032 20.746,107.055 20.722,107.067 20.75,107.037 20.766,107.073 20.781,107.08 20.8)),((106.84 20.88,106.825 20.915,106.785 20.931,106.766 20.877,106.771 20.859,106.812 20.842,106.823 20.854,106.848 20.797,106.886 20.796,106.882 20.822,106.84 20.88)),((107.525 20.91,107.506 20.887,107.471 20.883,107.498 20.853,107.525 20.91)),((107.745 21.02,107.738 21.003,107.759 20.983,107.738 20.938,107.771 20.957,107.778 20.973,107.758 21.017,107.745 21.02)),((107.533 21.02,107.505 21.02,107.492 20.991,107.492 20.965,107.474 20.947,107.424 20.915,107.457 20.91,107.512 20.924,107.529 20.951,107.558 21.035,107.533 21.02)),((107.621 21.116,107.591 21.082,107.584 21.04,107.567 21.017,107.58 20.983,107.596 21.039,107.632 21.112,107.621 21.116)),((107.581 21.212,107.533 21.199,107.523 21.231,107.505 21.239,107.467 21.277,107.452 21.271,107.446 21.212,107.418 21.197,107.403 21.127,107.373 21.06,107.389 21.048,107.423 21.075,107.471 21.096,107.524 21.16,107.547 21.157,107.557 21.172,107.59 21.193,107.581 21.212)),((107.813 21.361,107.784 21.356,107.726 21.323,107.809 21.347,107.813 21.361)),((107.869 21.39,107.854 21.35,107.936 21.376,107.959 21.374,107.998 21.404,107.869 21.39)),((107.382 20.888,107.351 20.886,107.361 20.86,107.388 20.865,107.382 20.888)),((107.826 21.025,107.817 21.006,107.827 20.989,107.853 21.02,107.826 21.025)))
VN-14	POLYGON((105.841 20.419,105.809 20.493,105.786 20.568,105.754 20.601,105.705 20.62,105.68 20.638,105.654 20.68,105.64 20.722,105.613 20.762,105.531 20.814,105.507 20.846,105.509 20.879,105.531 20.916,105.527 20.955,105.504 20.987,105.465 21.011,105.437 21.019,105.376 21.023,105.308 21.012,105.33 20.981,105.333 20.919,105.296 20.916,105.211 20.938,105.159 20.937,105.115 20.95,105.042 21.009,104.942 21.054,104.92 21.073,104.909 21.101,104.882 21.061,104.88 21.023,104.904 20.99,104.914 20.964,105.014 20.86,105.087 20.813,105.093 20.794,105.077 20.772,105.052 20.768,105.014 20.739,104.974 20.73,104.887 20.734,104.857 20.728,104.84 20.697,104.843 20.626,104.874 20.619,104.939 20.591,105.067 20.575,105.138 20.591,105.165 20.577,105.213 20.519,105.309 20.456,105.455 20.386,105.516 20.368,105.543 20.367,105.563 20.386,105.602 20.376,105.656 20.334,105.695 20.321,105.716 20.335,105.716 20.367,105.706 20.413,105.747 20.438,105.77 20.441,105.806 20.424,105.841 20.419))
VN-18	POLYGON((106.115 20.033,106.152 20.127,106.162 20.174,106.155 20.218,106.119 20.233,106.094 20.252,106.057 20.24,106.02 20.264,105.977 20.271,105.964 20.283,105.951 20.337,105.902 20.363,105.861 20.395,105.841 20.419,105.806 20.424,105.77 20.441,105.747 20.438,105.706 20.413,105.716 20.367,105.716 20.335,105.695 20.321,105.656 20.334,105.602 20.376,105.563 20.386,105.543 20.367,105.755 20.197,105.819 20.156,105.862 20.134,105.919 20.119,105.983 20.078,106.05 20.067,106.067 20.051,106.068 20.028,106.034 19.996,106.053 19.977,106.084 19.965,106.115 20.033))
VN-20	POLYGON((106.594 20.647,106.551 20.634,106.537 20.612,106.469 20.601,106.449 20.628,106.431 20.671,106.417 20.719,106.257 20.696,106.206 20.667,106.139 20.667,106.113 20.65,106.112 20.632,106.125 20.625,106.137 20.575,106.168 20.546,106.184 20.491,106.215 20.475,106.214 20.424,106.234 20.41,106.272 20.406,106.28 20.379,106.264 20.344,106.278 20.33,106.323 20.361,106.349 20.365,106.386 20.341,106.41 20.316,106.45 20.287,106.487 20.286,106.503 20.301,106.522 20.313,106.55 20.299,106.582 20.264,106.593 20.275,106.584 20.338,106.573 20.368,106.591 20.405,106.594 20.448,106.584 20.458,106.538 20.446,106.545 20.468,106.58 20.478,106.584 20.496,106.568 20.525,106.519 20.541,106.583 20.565,106.621 20.59,106.627 20.617,106.594 20.647))
VN-21	POLYGON((104.614 20.643,104.607 20.619,104.543 20.536,104.496 20.512,104.47 20.516,104.445 20.535,104.424 20.495,104.366 20.458,104.36 20.44,104.392 20.421,104.432 20.411,104.576 20.414,104.612 20.377,104.681 20.341,104.689 20.31,104.682 20.287,104.657 20.28,104.653 20.226,104.657 20.213,104.691 20.197,104.779 20.219,104.819 20.221,104.908 20.175,104.905 20.135,104.918 20.116,104.957 20.092,104.964 20.076,104.944 20.061,104.953 20.009,104.946 19.992,105.014 19.97,105.063 19.942,105.152 19.915,105.18 19.891,105.173 19.866,105.148 19.841,105.136 19.811,105.147 19.758,105.168 19.714,105.19 19.688,105.247 19.639,105.262 19.62,105.273 19.578,105.272 19.519,105.286 19.517,105.317 19.546,105.342 19.548,105.371 19.525,105.401 19.484,105.436 19.469,105.484 19.474,105.507 19.47,105.534 19.454,105.586 19.388,105.632 19.362,105.687 19.309,105.7 19.302,105.764 19.294,105.806 19.274,105.792 19.321,105.81 19.321,105.792 19.355,105.783 19.394,105.808 19.461,105.819 19.537,105.819 19.574,105.811 19.6,105.834 19.658,105.856 19.692,105.867 19.721,105.895 19.721,105.923 19.767,105.916 19.774,105.867 19.773,105.932 19.805,105.936 19.848,105.957 19.876,105.949 19.901,105.964 19.935,106.034 19.996,106.068 20.028,106.067 20.051,106.05 20.067,105.983 20.078,105.919 20.119,105.862 20.134,105.819 20.156,105.755 20.197,105.543 20.367,105.516 20.368,105.455 20.386,105.309 20.456,105.213 20.519,105.165 20.577,105.138 20.591,105.067 20.575,104.939 20.591,104.874 20.619,104.843 20.626,104.81 20.59,104.776 20.575,104.728 20.585,104.676 20.624,104.643 20.642,104.614 20.643))
VN-22	POLYGON((104.946 19.992,104.922 19.982,104.874 19.983,104.858 19.955,104.781 19.908,104.762 19.886,104.761 19.861,104.79 19.86,104.817 19.848,104.805 19.791,104.761 19.767,104.737 19.746,104.692 19.735,104.655 19.698,104.623 19.618,104.605 19.606,104.57 19.615,104.546 19.602,104.506 19.603,104.415 19.651,104.38 19.685,104.342 19.683,104.295 19.655,104.277 19.684,104.229 19.706,104.2 19.699,104.136 19.687,104.109 19.655,104.089 19.652,104.022 19.681,104.001 19.681,103.998 19.653,104.017 19.6,104.029 19.586,104.072 19.559,104.09 19.484,104.061 19.471,104.039 19.413,104.02 19.415,103.941 19.381,103.921 19.353,103.857 19.317,103.859 19.295,103.893 19.294,103.918 19.258,103.973 19.225,103.995 19.234,104.037 19.23,104.148 19.183,104.198 19.147,104.202 19.109,104.26 19.104,104.303 19.069,104.355 19.048,104.372 19.034,104.401 18.992,104.431 18.979,104.481 18.978,104.51 18.956,104.544 18.907,104.59 18.879,104.646 18.833,104.686 18.825,104.722 18.792,104.815 18.774,104.873 18.778,104.899 18.771,104.909 18.746,104.937 18.731,104.99 18.733,105.04 18.705,105.065 18.697,105.113 18.698,105.141 18.653,105.163 18.639,105.169 18.618,105.274 18.626,105.385 18.592,105.412 18.588,105.503 18.597,105.632 18.582,105.662 18.57,105.681 18.577,105.696 18.601,105.689 18.622,105.715 18.648,105.751 18.663,105.756 18.716,105.743 18.731,105.758 18.772,105.741 18.802,105.703 18.834,105.717 18.855,105.695 18.861,105.648 18.893,105.63 18.922,105.613 18.986,105.625 19.028,105.644 19.065,105.668 19.09,105.696 19.081,105.737 19.108,105.73 19.134,105.731 19.17,105.746 19.237,105.772 19.236,105.781 19.265,105.806 19.274,105.764 19.294,105.7 19.302,105.687 19.309,105.632 19.362,105.586 19.388,105.534 19.454,105.507 19.47,105.484 19.474,105.436 19.469,105.401 19.484,105.371 19.525,105.342 19.548,105.317 19.546,105.286 19.517,105.272 19.519,105.273 19.578,105.262 19.62,105.247 19.639,105.19 19.688,105.168 19.714,105.147 19.758,105.136 19.811,105.148 19.841,105.173 19.866,105.18 19.891,105.152 19.915,105.063 19.942,105.014 19.97,104.946 19.992))
VN-23	POLYGON((105.169 18.618,105.162 18.598,105.128 18.599,105.1 18.551,105.085 18.496,105.08 18.454,105.091 18.427,105.163 18.366,105.157 18.32,105.166 18.307,105.215 18.278,105.229 18.255,105.257 18.247,105.293 18.253,105.301 18.231,105.295 18.196,105.322 18.17,105.368 18.15,105.382 18.163,105.392 18.194,105.41 18.202,105.451 18.193,105.473 18.172,105.481 18.145,105.476 18.127,105.496 18.118,105.513 18.083,105.538 18.067,105.552 18.048,105.566 18.008,105.59 17.996,105.603 17.969,105.682 17.981,105.737 18.023,105.821 18.048,105.86 18.064,105.927 18.071,105.987 18.061,106.01 18.051,106.043 18.024,106.059 17.995,106.058 17.963,106.077 17.947,106.139 17.929,106.247 17.91,106.301 17.913,106.332 17.955,106.35 17.967,106.386 17.973,106.467 17.966,106.519 17.957,106.439 18.052,106.422 18.094,106.435 18.124,106.422 18.128,106.403 18.106,106.36 18.1,106.35 18.084,106.306 18.1,106.346 18.133,106.299 18.169,106.271 18.204,106.234 18.221,106.181 18.26,106.166 18.266,106.112 18.263,106.098 18.29,106.046 18.332,106.008 18.378,105.977 18.402,105.959 18.433,105.949 18.471,105.915 18.473,105.879 18.511,105.826 18.594,105.791 18.69,105.783 18.747,105.767 18.756,105.77 18.672,105.751 18.663,105.715 18.648,105.689 18.622,105.696 18.601,105.681 18.577,105.662 18.57,105.632 18.582,105.503 18.597,105.412 18.588,105.385 18.592,105.274 18.626,105.169 18.618))
VN-24	POLYGON((105.603 17.969,105.594 17.888,105.605 17.854,105.644 17.82,105.67 17.773,105.701 17.728,105.714 17.689,105.735 17.664,105.787 17.642,105.846 17.598,105.911 17.517,105.932 17.496,106.019 17.394,106.185 17.257,106.222 17.245,106.248 17.266,106.26 17.289,106.285 17.285,106.288 17.254,106.307 17.233,106.302 17.202,106.306 17.177,106.337 17.129,106.385 17.085,106.395 17.068,106.387 17.047,106.404 17.015,106.42 16.989,106.457 16.974,106.497 16.964,106.525 16.989,106.534 16.951,106.588 16.972,106.749 16.961,106.786 16.966,106.817 16.979,106.857 17.045,106.903 17.1,107.007 17.162,106.764 17.336,106.676 17.43,106.658 17.454,106.635 17.47,106.615 17.519,106.566 17.598,106.539 17.628,106.504 17.683,106.45 17.709,106.417 17.713,106.38 17.699,106.381 17.743,106.347 17.747,106.299 17.762,106.307 17.772,106.375 17.765,106.436 17.739,106.449 17.716,106.49 17.703,106.495 17.718,106.47 17.748,106.461 17.799,106.443 17.847,106.447 17.872,106.484 17.915,106.525 17.943,106.519 17.957,106.467 17.966,106.386 17.973,106.35 17.967,106.332 17.955,106.301 17.913,106.247 17.91,106.139 17.929,106.077 17.947,106.058 17.963,106.059 17.995,106.043 18.024,106.01 18.051,105.987 18.061,105.927 18.071,105.86 18.064,105.821 18.048,105.737 18.023,105.682 17.981,105.603 17.969))
VN-25	POLYGON((106.534 16.951,106.535 16.684,106.55 16.638,106.591 16.602,106.64 16.587,106.644 16.575,106.64 16.522,106.655 16.471,106.671 16.444,106.693 16.428,106.723 16.432,106.752 16.428,106.759 16.452,106.797 16.479,106.823 16.531,106.847 16.53,106.864 16.504,106.867 16.464,106.86 16.412,106.876 16.418,106.888 16.391,106.951 16.336,106.967 16.3,107.014 16.299,107.068 16.291,107.063 16.344,107.081 16.375,107.126 16.413,107.162 16.454,107.167 16.471,107.142 16.489,107.119 16.516,107.108 16.553,107.13 16.574,107.174 16.588,107.269 16.6,107.309 16.62,107.338 16.647,107.412 16.75,107.379 16.773,107.216 16.908,107.201 16.914,107.133 17.01,107.121 17.019,107.127 17.06,107.112 17.088,107.007 17.162,106.903 17.1,106.857 17.045,106.817 16.979,106.786 16.966,106.749 16.961,106.588 16.972,106.534 16.951))
VN-26	POLYGON((107.136 16.185,107.17 16.157,107.213 16.147,107.239 16.13,107.276 16.084,107.299 16.064,107.327 16.056,107.412 16.073,107.433 16.055,107.507 16.06,107.576 16.054,107.597 16.056,107.662 16.091,107.688 16.077,107.722 16.017,107.738 16.018,107.784 16.071,107.803 16.084,107.835 16.093,107.856 16.088,107.886 16.113,107.921 16.18,107.953 16.216,107.973 16.221,108.042 16.221,108.084 16.208,108.133 16.202,108.2 16.212,108.151 16.217,108.108 16.23,108.091 16.227,108.054 16.236,108.066 16.257,108.043 16.346,108.012 16.319,107.99 16.325,107.945 16.357,107.93 16.353,107.938 16.312,107.896 16.278,107.873 16.296,107.848 16.292,107.812 16.313,107.794 16.379,107.822 16.388,107.8 16.416,107.782 16.428,107.759 16.463,107.711 16.497,107.697 16.52,107.673 16.497,107.637 16.546,107.608 16.545,107.611 16.569,107.594 16.587,107.564 16.583,107.555 16.597,107.52 16.606,107.443 16.648,107.474 16.653,107.596 16.591,107.605 16.596,107.498 16.689,107.412 16.75,107.338 16.647,107.309 16.62,107.269 16.6,107.174 16.588,107.13 16.574,107.108 16.553,107.119 16.516,107.142 16.489,107.167 16.471,107.162 16.454,107.126 16.413,107.081 16.375,107.063 16.344,107.068 16.291,107.108 16.267,107.117 16.255,107.127 16.201,107.136 16.185))
VN-27	POLYGON((107.433 16.055,107.445 16.01,107.418 15.984,107.391 15.936,107.361 15.912,107.305 15.899,107.236 15.856,107.199 15.862,107.175 15.849,107.15 15.794,107.16 15.759,107.215 15.728,107.23 15.702,107.235 15.661,107.249 15.631,107.316 15.589,107.369 15.496,107.382 15.489,107.405 15.509,107.448 15.508,107.456 15.488,107.487 15.481,107.494 15.42,107.513 15.409,107.556 15.416,107.576 15.403,107.603 15.41,107.65 15.399,107.689 15.371,107.71 15.342,107.716 15.314,107.729 15.3,107.777 15.296,107.812 15.269,107.838 15.239,107.862 15.222,107.929 15.23,107.972 15.216,108.006 15.194,108.062 15.146,108.074 15.121,108.069 15.07,108.075 15.039,108.097 15.016,108.118 14.975,108.138 14.956,108.168 14.966,108.19 14.987,108.201 15.018,108.196 15.056,108.216 15.066,108.265 15.052,108.297 15.048,108.327 15.086,108.322 15.111,108.294 15.14,108.276 15.178,108.288 15.212,108.313 15.241,108.336 15.285,108.358 15.306,108.386 15.316,108.486 15.325,108.534 15.337,108.666 15.383,108.762 15.397,108.744 15.407,108.704 15.445,108.703 15.47,108.691 15.49,108.668 15.448,108.653 15.439,108.629 15.456,108.629 15.487,108.656 15.497,108.674 15.489,108.683 15.518,108.646 15.514,108.619 15.529,108.455 15.747,108.424 15.806,108.415 15.867,108.388 15.898,108.359 15.915,108.306 15.955,108.282 15.99,108.183 15.997,108.101 15.977,108.055 15.978,108.016 16.003,108.007 16.086,107.988 16.09,107.934 16.079,107.856 16.088,107.835 16.093,107.803 16.084,107.784 16.071,107.738 16.018,107.722 16.017,107.688 16.077,107.662 16.091,107.597 16.056,107.576 16.054,107.507 16.06,107.433 16.055))
VN-28	POLYGON((107.52 14.705,107.532 14.678,107.527 14.653,107.504 14.602,107.505 14.541,107.486 14.51,107.477 14.475,107.456 14.434,107.424 14.419,107.408 14.433,107.387 14.422,107.379 14.395,107.359 14.36,107.35 14.322,107.364 14.274,107.359 14.239,107.325 14.144,107.32 14.12,107.345 14.081,107.343 14.021,107.372 13.996,107.409 14,107.431 13.984,107.431 13.956,107.446 13.922,107.532 13.976,107.572 14.011,107.608 14.05,107.658 14.138,107.72 14.186,107.787 14.216,108.153 14.33,108.261 14.379,108.336 14.431,108.383 14.474,108.411 14.516,108.426 14.566,108.41 14.603,108.426 14.627,108.494 14.609,108.618 14.641,108.596 14.696,108.572 14.784,108.549 14.826,108.502 14.838,108.465 14.857,108.429 14.894,108.393 14.964,108.297 15.048,108.265 15.052,108.216 15.066,108.196 15.056,108.201 15.018,108.19 14.987,108.168 14.966,108.138 14.956,108.118 14.975,108.097 15.016,108.075 15.039,108.069 15.07,108.074 15.121,108.062 15.146,108.006 15.194,107.972 15.216,107.929 15.23,107.862 15.222,107.838 15.239,107.812 15.269,107.777 15.296,107.729 15.3,107.716 15.314,107.71 15.342,107.689 15.371,107.65 15.399,107.603 15.41,107.576 15.403,107.58 15.361,107.598 15.331,107.658 15.282,107.664 15.253,107.657 15.206,107.637 15.205,107.624 15.187,107.621 15.155,107.605 15.121,107.585 15.104,107.59 15.069,107.578 15.047,107.535 15.05,107.502 15.044,107.455 15.034,107.446 15.025,107.45 14.981,107.462 14.957,107.489 14.94,107.55 14.895,107.555 14.876,107.499 14.818,107.491 14.804,107.509 14.759,107.498 14.746,107.522 14.719,107.52 14.705))
VN-29	POLYGON((108.762 15.397,108.666 15.383,108.534 15.337,108.486 15.325,108.386 15.316,108.358 15.306,108.336 15.285,108.313 15.241,108.288 15.212,108.276 15.178,108.294 15.14,108.322 15.111,108.327 15.086,108.297 15.048,108.393 14.964,108.429 14.894,108.465 14.857,108.502 14.838,108.549 14.826,108.572 14.784,108.596 14.696,108.618 14.641,108.667 14.596,108.745 14.636,108.792 14.666,108.863 14.679,108.979 14.673,109.05 14.683,109.077 14.672,109.095 14.667,109.081 14.729,109.037 14.784,109.012 14.822,108.943 14.98,108.919 15.058,108.91 15.147,108.898 15.154,108.905 15.198,108.92 15.222,108.952 15.25,108.924 15.256,108.887 15.286,108.883 15.336,108.839 15.374,108.827 15.429,108.796 15.395,108.789 15.374,108.762 15.397))
VN-30	POLYGON((107.562 13.262,107.621 13.293,107.681 13.333,107.802 13.349,107.928 13.345,107.963 13.353,108.031 13.384,108.069 13.389,108.107 13.384,108.364 13.295,108.387 13.279,108.41 13.251,108.434 13.202,108.472 13.074,108.515 13.033,108.661 12.996,108.665 13.039,108.688 13.071,108.729 13.106,108.812 13.151,108.845 13.175,108.875 13.211,108.872 13.239,108.854 13.281,108.854 13.336,108.831 13.39,108.822 13.43,108.826 13.558,108.822 13.665,108.808 13.747,108.799 13.775,108.774 13.82,108.728 13.882,108.712 13.93,108.719 13.995,108.705 14.022,108.659 14.078,108.644 14.109,108.636 14.152,108.635 14.218,108.676 14.374,108.687 14.457,108.683 14.527,108.667 14.596,108.618 14.641,108.494 14.609,108.426 14.627,108.41 14.603,108.426 14.566,108.411 14.516,108.383 14.474,108.336 14.431,108.261 14.379,108.153 14.33,107.787 14.216,107.72 14.186,107.658 14.138,107.608 14.05,107.572 14.011,107.532 13.976,107.446 13.922,107.435 13.87,107.446 13.839,107.439 13.809,107.443 13.783,107.514 13.693,107.597 13.535,107.604 13.499,107.611 13.4,107.607 13.37,107.575 13.294,107.562 13.262))
VN-31	POLYGON((109.077 14.672,109.05 14.683,108.979 14.673,108.863 14.679,108.792 14.666,108.745 14.636,108.667 14.596,108.683 14.527,108.687 14.457,108.676 14.374,108.635 14.218,108.636 14.152,108.644 14.109,108.659 14.078,108.705 14.022,108.719 13.995,108.712 13.93,108.728 13.882,108.774 13.82,108.799 13.775,108.808 13.747,108.822 13.665,108.826 13.558,108.91 13.538,108.978 13.543,109.062 13.574,109.081 13.587,109.144 13.659,109.163 13.673,109.211 13.685,109.237 13.699,109.225 13.722,109.226 13.744,109.259 13.777,109.24 13.788,109.232 13.811,109.239 13.88,109.26 13.874,109.273 13.825,109.27 13.756,109.304 13.759,109.3 13.798,109.307 13.876,109.266 13.921,109.253 14.033,109.225 14.104,109.215 14.12,109.184 14.136,109.174 14.172,109.198 14.168,109.22 14.135,109.239 14.133,109.205 14.186,109.191 14.221,109.201 14.236,109.195 14.277,109.181 14.305,109.15 14.338,109.129 14.397,109.13 14.452,109.108 14.489,109.074 14.579,109.082 14.606,109.077 14.672))
VN-32	POLYGON((109.237 13.699,109.211 13.685,109.163 13.673,109.144 13.659,109.081 13.587,109.062 13.574,108.978 13.543,108.91 13.538,108.826 13.558,108.822 13.43,108.831 13.39,108.854 13.336,108.854 13.281,108.872 13.239,108.875 13.211,108.845 13.175,108.812 13.151,108.729 13.106,108.688 13.071,108.665 13.039,108.661 12.996,108.725 12.896,108.76 12.864,108.818 12.828,108.886 12.799,108.969 12.78,109.037 12.753,109.074 12.754,109.104 12.773,109.155 12.828,109.196 12.847,109.236 12.851,109.277 12.849,109.322 12.853,109.361 12.849,109.385 12.834,109.403 12.838,109.417 12.865,109.436 12.845,109.458 12.852,109.466 12.879,109.465 12.913,109.416 12.972,109.397 13.003,109.37 13.032,109.307 13.133,109.304 13.151,109.314 13.198,109.307 13.229,109.321 13.259,109.32 13.28,109.296 13.279,109.294 13.236,109.273 13.263,109.259 13.298,109.273 13.311,109.295 13.307,109.309 13.341,109.299 13.365,109.28 13.353,109.249 13.385,109.232 13.393,109.238 13.42,109.232 13.461,109.245 13.485,109.263 13.489,109.294 13.468,109.298 13.448,109.278 13.438,109.278 13.422,109.319 13.414,109.335 13.441,109.34 13.465,109.304 13.48,109.266 13.534,109.263 13.577,109.287 13.558,109.296 13.578,109.257 13.606,109.241 13.644,109.237 13.699))
VN-33	POLYGON((107.54 12.717,107.666 12.721,107.842 12.721,107.864 12.683,107.874 12.592,107.912 12.566,107.908 12.544,107.922 12.53,107.976 12.512,108.006 12.487,108 12.467,107.978 12.434,107.964 12.44,107.935 12.425,107.93 12.41,107.941 12.354,107.979 12.307,108.03 12.298,108.077 12.264,108.101 12.221,108.129 12.201,108.118 12.152,108.138 12.167,108.163 12.172,108.236 12.156,108.254 12.188,108.277 12.207,108.336 12.24,108.391 12.234,108.426 12.244,108.484 12.293,108.516 12.3,108.586 12.275,108.639 12.279,108.681 12.303,108.668 12.369,108.667 12.448,108.677 12.479,108.727 12.482,108.756 12.495,108.787 12.493,108.835 12.47,108.854 12.485,108.875 12.541,108.879 12.567,108.875 12.61,108.889 12.652,108.907 12.681,108.97 12.695,109.037 12.753,108.969 12.78,108.886 12.799,108.818 12.828,108.76 12.864,108.725 12.896,108.661 12.996,108.515 13.033,108.472 13.074,108.434 13.202,108.41 13.251,108.387 13.279,108.364 13.295,108.107 13.384,108.069 13.389,108.031 13.384,107.963 13.353,107.928 13.345,107.802 13.349,107.681 13.333,107.621 13.293,107.562 13.262,107.46 13.022,107.481 12.982,107.468 12.963,107.483 12.886,107.494 12.859,107.522 12.827,107.536 12.8,107.54 12.717))
VN-34	MULTIPOLYGON(((109.328 12.221,109.292 12.228,109.245 12.221,109.288 12.189,109.328 12.187,109.349 12.201,109.328 12.221)),((109.385 12.834,109.361 12.849,109.322 12.853,109.277 12.849,109.236 12.851,109.196 12.847,109.155 12.828,109.104 12.773,109.074 12.754,109.037 12.753,108.97 12.695,108.907 12.681,108.889 12.652,108.875 12.61,108.879 12.567,108.875 12.541,108.854 12.485,108.835 12.47,108.787 12.493,108.756 12.495,108.727 12.482,108.677 12.479,108.667 12.448,108.668 12.369,108.681 12.303,108.694 12.298,108.707 12.271,108.719 12.181,108.778 12.158,108.81 12.124,108.843 12.033,108.878 11.954,108.905 11.937,108.97 11.926,109.033 11.908,109.05 11.898,109.066 11.873,109.086 11.819,109.114 11.798,109.17 11.787,109.204 11.789,109.205 11.81,109.193 11.828,109.198 11.869,109.163 11.824,109.132 11.83,109.126 11.864,109.137 11.896,109.157 11.899,109.182 11.922,109.199 11.948,109.211 12.006,109.206 12.022,109.177 12.053,109.182 12.081,109.163 12.112,109.186 12.118,109.196 12.075,109.219 12.016,109.223 11.982,109.217 11.909,109.225 11.879,109.278 11.865,109.266 11.926,109.283 11.94,109.287 11.967,109.249 11.997,109.214 12.068,109.211 12.118,109.227 12.138,109.214 12.159,109.21 12.186,109.225 12.201,109.205 12.233,109.205 12.263,109.219 12.296,109.242 12.305,109.214 12.333,109.207 12.387,109.196 12.403,109.177 12.399,109.155 12.427,109.157 12.455,109.185 12.459,109.216 12.44,109.259 12.393,109.282 12.356,109.309 12.36,109.337 12.41,109.299 12.431,109.298 12.478,109.249 12.51,109.232 12.54,109.247 12.572,109.232 12.584,109.219 12.543,109.205 12.55,109.2 12.591,109.208 12.598,109.205 12.646,109.234 12.687,109.255 12.699,109.304 12.751,109.363 12.793,109.363 12.763,109.386 12.728,109.386 12.702,109.363 12.69,109.342 12.66,109.382 12.656,109.403 12.687,109.424 12.653,109.403 12.629,109.43 12.576,109.451 12.571,109.451 12.639,109.469 12.66,109.436 12.674,109.421 12.691,109.376 12.776,109.375 12.816,109.385 12.834)),((109.393 12.602,109.383 12.624,109.346 12.631,109.32 12.628,109.312 12.614,109.384 12.563,109.405 12.571,109.393 12.602)))
VN-35	POLYGON((108.719 12.181,108.707 12.271,108.694 12.298,108.681 12.303,108.639 12.279,108.586 12.275,108.516 12.3,108.484 12.293,108.426 12.244,108.391 12.234,108.336 12.24,108.277 12.207,108.254 12.188,108.236 12.156,108.163 12.172,108.138 12.167,108.118 12.152,108.095 12.14,108.054 12.146,108.014 12.121,107.999 12.126,107.985 12.067,108.018 12.04,108.02 12.015,108.057 11.972,108.064 11.953,108.088 11.94,108.093 11.922,108.089 11.879,108.08 11.85,108.06 11.822,108.024 11.786,107.998 11.77,107.978 11.791,107.96 11.797,107.915 11.793,107.903 11.81,107.903 11.844,107.874 11.864,107.786 11.849,107.746 11.87,107.736 11.906,107.702 11.907,107.676 11.873,107.622 11.825,107.563 11.787,107.502 11.773,107.476 11.755,107.443 11.744,107.39 11.752,107.328 11.718,107.304 11.693,107.284 11.655,107.282 11.628,107.307 11.586,107.309 11.566,107.375 11.561,107.391 11.547,107.398 11.506,107.449 11.491,107.463 11.474,107.445 11.45,107.449 11.417,107.468 11.407,107.527 11.403,107.61 11.362,107.691 11.328,107.756 11.315,108.01 11.301,108.032 11.294,108.053 11.271,108.053 11.211,108.066 11.203,108.093 11.219,108.132 11.269,108.153 11.282,108.22 11.295,108.251 11.307,108.305 11.34,108.336 11.369,108.336 11.39,108.315 11.431,108.319 11.483,108.341 11.508,108.386 11.524,108.514 11.528,108.535 11.525,108.58 11.505,108.6 11.521,108.62 11.564,108.607 11.614,108.61 11.64,108.655 11.68,108.676 11.708,108.685 11.742,108.648 11.791,108.637 11.839,108.681 11.973,108.693 12.064,108.683 12.123,108.695 12.155,108.719 12.181))
VN-36	POLYGON((109.204 11.789,109.17 11.787,109.114 11.798,109.086 11.819,109.066 11.873,109.05 11.898,109.033 11.908,108.97 11.926,108.905 11.937,108.878 11.954,108.843 12.033,108.81 12.124,108.778 12.158,108.719 12.181,108.695 12.155,108.683 12.123,108.693 12.064,108.681 11.973,108.637 11.839,108.648 11.791,108.685 11.742,108.676 11.708,108.655 11.68,108.61 11.64,108.607 11.614,108.62 11.564,108.667 11.563,108.697 11.548,108.709 11.525,108.715 11.486,108.731 11.472,108.763 11.459,108.772 11.408,108.789 11.401,108.821 11.403,108.868 11.388,108.899 11.352,108.906 11.323,108.952 11.31,108.981 11.324,109.018 11.356,109.019 11.406,109.028 11.474,109.028 11.517,109.012 11.543,109.034 11.56,109.04 11.602,109.02 11.633,109.043 11.638,109.056 11.597,109.067 11.584,109.117 11.58,109.136 11.57,109.16 11.616,109.184 11.638,109.191 11.672,109.218 11.714,109.243 11.736,109.204 11.789))
VN-37	POLYGON((106.435 11.678,106.413 11.662,106.378 11.684,106.344 11.689,106.287 11.675,106.265 11.684,106.243 11.715,106.224 11.725,106.155 11.746,106.113 11.747,106.061 11.763,106.015 11.77,105.992 11.746,105.983 11.707,105.955 11.678,105.934 11.643,105.906 11.644,105.858 11.662,105.821 11.641,105.793 11.607,105.793 11.583,105.803 11.566,105.853 11.547,105.857 11.496,105.872 11.443,105.871 11.413,105.86 11.379,105.843 11.304,105.844 11.29,105.887 11.268,105.9 11.219,105.92 11.203,105.974 11.19,106.013 11.139,106.063 11.093,106.087 11.056,106.098 11.078,106.131 11.084,106.16 11.054,106.177 10.996,106.17 10.971,106.202 10.961,106.285 10.986,106.303 11.025,106.329 11.012,106.364 10.982,106.391 11.01,106.419 11.065,106.43 11.124,106.421 11.156,106.381 11.196,106.347 11.273,106.341 11.305,106.343 11.344,106.353 11.381,106.379 11.437,106.431 11.493,106.464 11.553,106.489 11.561,106.487 11.593,106.471 11.654,106.46 11.67,106.435 11.678))
VN-39	POLYGON((106.998 10.625,107.003 10.625,107.025 10.635,107.041 10.637,107.117 10.665,107.144 10.686,107.151 10.728,107.241 10.769,107.281 10.769,107.292 10.747,107.292 10.708,107.313 10.687,107.342 10.684,107.358 10.691,107.423 10.77,107.458 10.802,107.483 10.798,107.517 10.756,107.563 10.802,107.591 10.851,107.588 10.912,107.557 10.98,107.531 11,107.477 11.001,107.441 11.023,107.431 11.038,107.462 11.095,107.466 11.122,107.496 11.182,107.511 11.221,107.534 11.257,107.57 11.327,107.59 11.352,107.61 11.362,107.527 11.403,107.468 11.407,107.449 11.417,107.445 11.45,107.463 11.474,107.449 11.491,107.398 11.506,107.391 11.547,107.375 11.561,107.309 11.566,107.234 11.528,107.14 11.499,107.104 11.475,107.09 11.446,107.084 11.409,107.047 11.354,107.001 11.314,106.987 11.295,106.965 11.284,106.934 11.215,106.935 11.188,106.954 11.171,106.975 11.122,106.973 11.095,106.955 11.064,106.912 11.029,106.878 11.027,106.827 11.056,106.801 11.046,106.784 11.026,106.788 10.981,106.832 10.917,106.836 10.888,106.881 10.814,106.885 10.797,106.87 10.762,106.829 10.771,106.79 10.754,106.754 10.773,106.757 10.705,106.807 10.685,106.836 10.661,106.854 10.658,106.893 10.67,106.964 10.605,106.984 10.567,106.985 10.597,106.998 10.625))
VN-40	MULTIPOLYGON(((108.906 11.323,108.899 11.352,108.868 11.388,108.821 11.403,108.789 11.401,108.772 11.408,108.763 11.459,108.731 11.472,108.715 11.486,108.709 11.525,108.697 11.548,108.667 11.563,108.62 11.564,108.6 11.521,108.58 11.505,108.535 11.525,108.514 11.528,108.386 11.524,108.341 11.508,108.319 11.483,108.315 11.431,108.336 11.39,108.336 11.369,108.305 11.34,108.251 11.307,108.22 11.295,108.153 11.282,108.132 11.269,108.093 11.219,108.066 11.203,108.053 11.211,108.053 11.271,108.032 11.294,108.01 11.301,107.756 11.315,107.691 11.328,107.61 11.362,107.59 11.352,107.57 11.327,107.534 11.257,107.511 11.221,107.496 11.182,107.466 11.122,107.462 11.095,107.431 11.038,107.441 11.023,107.477 11.001,107.531 11,107.557 10.98,107.588 10.912,107.591 10.851,107.563 10.802,107.517 10.756,107.579 10.614,107.587 10.574,107.621 10.593,107.666 10.604,107.731 10.638,107.782 10.658,107.824 10.692,107.882 10.717,107.936 10.719,107.998 10.699,108.035 10.773,108.043 10.814,108.066 10.868,108.106 10.918,108.135 10.928,108.259 10.952,108.285 10.943,108.3 10.913,108.315 10.944,108.345 10.954,108.363 11.01,108.376 11.026,108.404 11.029,108.439 11.047,108.472 11.053,108.482 11.064,108.492 11.105,108.514 11.139,108.531 11.153,108.559 11.162,108.577 11.179,108.615 11.179,108.656 11.193,108.701 11.179,108.729 11.182,108.746 11.207,108.758 11.258,108.788 11.301,108.821 11.324,108.856 11.334,108.906 11.323)),((108.943 10.552,108.926 10.53,108.94 10.504,108.961 10.503,108.959 10.538,108.943 10.552)))
VN-41	POLYGON((106.17 10.971,106.131 10.969,106.125 10.953,106.127 10.909,106.152 10.863,106.177 10.767,106.155 10.785,106.072 10.797,106.018 10.82,105.993 10.838,105.965 10.87,105.931 10.896,105.92 10.858,105.899 10.828,105.861 10.839,105.84 10.87,105.821 10.92,105.753 11.016,105.726 11.018,105.697 11.01,105.655 10.984,105.617 10.971,105.524 10.951,105.538 10.92,105.59 10.88,105.653 10.806,105.866 10.608,105.923 10.567,105.963 10.553,106.051 10.544,106.099 10.549,106.127 10.58,106.166 10.592,106.271 10.586,106.314 10.565,106.356 10.507,106.387 10.491,106.415 10.486,106.441 10.472,106.441 10.432,106.452 10.416,106.585 10.414,106.615 10.437,106.638 10.479,106.733 10.522,106.744 10.552,106.739 10.561,106.744 10.618,106.711 10.651,106.687 10.653,106.658 10.637,106.645 10.639,106.611 10.669,106.523 10.71,106.495 10.736,106.523 10.802,106.525 10.851,106.512 10.886,106.477 10.925,106.436 10.949,106.364 10.982,106.329 11.012,106.303 11.025,106.285 10.986,106.202 10.961,106.17 10.971))
VN-43	MULTIPOLYGON(((107.172 10.465,107.156 10.423,107.12 10.401,107.079 10.391,107.074 10.373,107.087 10.323,107.136 10.378,107.166 10.391,107.173 10.411,107.203 10.438,107.172 10.465)),((107.003 10.625,106.998 10.625,106.991 10.57,107.011 10.563,107.025 10.604,107.003 10.625)),((107.02 10.512,107.026 10.501,107.032 10.474,107.05 10.488,107.082 10.492,107.123 10.48,107.176 10.477,107.217 10.434,107.216 10.402,107.254 10.379,107.272 10.378,107.297 10.416,107.326 10.442,107.385 10.463,107.448 10.473,107.531 10.513,107.544 10.536,107.587 10.574,107.579 10.614,107.517 10.756,107.483 10.798,107.458 10.802,107.423 10.77,107.358 10.691,107.342 10.684,107.313 10.687,107.292 10.708,107.292 10.747,107.281 10.769,107.241 10.769,107.151 10.728,107.144 10.686,107.117 10.665,107.041 10.637,107.025 10.635,107.032 10.607,107.034 10.536,107.02 10.512)))
VN-44	POLYGON((105.209 10.892,105.098 10.914,105.078 10.947,105.039 10.923,105.011 10.884,105.015 10.849,105.03 10.812,105.066 10.746,105.067 10.714,105.042 10.691,104.944 10.642,104.92 10.618,104.879 10.556,104.854 10.531,104.819 10.517,104.774 10.515,104.724 10.521,104.888 10.382,105.241 10.2,105.266 10.235,105.303 10.254,105.315 10.274,105.333 10.273,105.368 10.234,105.389 10.238,105.43 10.274,105.473 10.275,105.492 10.309,105.494 10.334,105.534 10.403,105.583 10.447,105.55 10.474,105.524 10.52,105.504 10.538,105.403 10.587,105.387 10.599,105.375 10.628,105.378 10.658,105.369 10.703,105.306 10.702,105.294 10.708,105.285 10.739,105.248 10.779,105.241 10.806,105.228 10.817,105.216 10.845,105.209 10.892))
VN-45	POLYGON((105.524 10.951,105.474 10.941,105.41 10.963,105.398 10.955,105.357 10.908,105.328 10.848,105.303 10.844,105.253 10.884,105.209 10.892,105.216 10.845,105.228 10.817,105.241 10.806,105.248 10.779,105.285 10.739,105.294 10.708,105.306 10.702,105.369 10.703,105.378 10.658,105.375 10.628,105.387 10.599,105.403 10.587,105.504 10.538,105.524 10.52,105.55 10.474,105.583 10.447,105.632 10.417,105.7 10.408,105.722 10.395,105.767 10.344,105.8 10.32,105.849 10.301,105.839 10.344,105.949 10.481,105.963 10.521,105.963 10.553,105.923 10.567,105.866 10.608,105.653 10.806,105.59 10.88,105.538 10.92,105.524 10.951))
VN-46	MULTIPOLYGON(((106.724 10.269,106.703 10.276,106.588 10.277,106.69 10.252,106.724 10.227,106.752 10.236,106.756 10.258,106.724 10.269)),((106.615 10.437,106.585 10.414,106.452 10.416,106.441 10.432,106.441 10.472,106.415 10.486,106.387 10.491,106.356 10.507,106.314 10.565,106.271 10.586,106.166 10.592,106.127 10.58,106.099 10.549,106.051 10.544,105.963 10.553,105.963 10.521,105.949 10.481,105.839 10.344,105.849 10.301,105.898 10.29,105.955 10.289,105.956 10.301,105.988 10.319,106.035 10.319,106.107 10.296,106.158 10.298,106.204 10.315,106.279 10.317,106.342 10.337,106.379 10.336,106.422 10.317,106.438 10.322,106.488 10.303,106.525 10.303,106.598 10.289,106.704 10.289,106.776 10.275,106.791 10.285,106.795 10.307,106.788 10.393,106.741 10.468,106.714 10.468,106.69 10.433,106.67 10.433,106.656 10.474,106.615 10.437)))
VN-47	MULTIPOLYGON(((104.701 10.524,104.626 10.533,104.583 10.532,104.554 10.518,104.494 10.428,104.484 10.418,104.451 10.42,104.454 10.38,104.499 10.392,104.517 10.419,104.53 10.4,104.504 10.357,104.536 10.31,104.579 10.275,104.589 10.261,104.595 10.201,104.613 10.179,104.616 10.146,104.651 10.144,104.658 10.168,104.676 10.175,104.681 10.2,104.707 10.222,104.739 10.231,104.772 10.227,104.805 10.207,104.869 10.116,104.901 10.097,104.924 10.096,104.964 10.106,105.003 10.092,105.043 10.055,105.088 9.997,105.107 9.953,105.107 9.909,105.089 9.92,105.077 9.943,105.055 9.933,104.993 9.888,104.97 9.854,104.893 9.851,104.857 9.738,104.834 9.534,104.873 9.508,104.913 9.52,104.936 9.517,104.969 9.53,105.024 9.528,105.088 9.493,105.241 9.417,105.28 9.406,105.299 9.425,105.283 9.447,105.282 9.471,105.31 9.516,105.293 9.587,105.306 9.605,105.392 9.587,105.393 9.643,105.362 9.683,105.389 9.727,105.504 9.834,105.519 9.858,105.529 9.908,105.519 9.952,105.469 9.995,105.423 10.044,105.351 10.119,105.324 10.142,105.273 10.175,105.241 10.2,104.888 10.382,104.724 10.521,104.701 10.524)),((104.082 10.371,104.005 10.451,103.976 10.433,103.968 10.402,103.934 10.366,103.914 10.365,103.851 10.374,103.857 10.321,103.908 10.289,103.937 10.266,103.957 10.234,103.984 10.159,103.997 10.075,104.011 10.03,104.051 10.008,104.044 10.048,104.051 10.069,104.033 10.096,104.047 10.151,104.085 10.248,104.085 10.354,104.082 10.371)))
VN-49	POLYGON((105.997 9.889,106.062 9.926,106.097 9.939,106.126 9.943,106.138 9.96,106.132 9.987,106.141 10.001,106.188 10.022,106.206 10.056,106.246 10.077,106.193 10.12,106.173 10.148,106.158 10.195,106.118 10.238,106.073 10.261,105.985 10.284,105.955 10.289,105.898 10.29,105.849 10.301,105.876 10.267,105.882 10.241,105.911 10.222,105.916 10.205,105.909 10.172,105.881 10.146,105.85 10.139,105.819 10.143,105.768 10.163,105.738 10.183,105.716 10.182,105.704 10.167,105.709 10.143,105.692 10.123,105.709 10.109,105.78 10.064,105.811 10.037,105.839 10.005,105.869 9.985,105.904 9.976,105.97 9.921,105.997 9.889))
VN-50	MULTIPOLYGON(((106.422 10.317,106.379 10.336,106.342 10.337,106.279 10.317,106.204 10.315,106.158 10.298,106.107 10.296,106.035 10.319,105.988 10.319,105.956 10.301,105.955 10.289,105.985 10.284,106.073 10.261,106.118 10.238,106.145 10.229,106.395 9.974,106.48 9.924,106.504 9.905,106.563 9.842,106.587 9.823,106.611 9.817,106.638 9.826,106.658 9.849,106.682 9.855,106.696 9.897,106.614 9.939,106.562 9.979,106.484 10.015,106.462 10.036,106.369 10.156,106.349 10.215,106.36 10.221,106.443 10.09,106.469 10.059,106.498 10.036,106.548 10.015,106.591 9.981,106.645 9.973,106.664 10.006,106.669 10.032,106.704 10.084,106.721 10.045,106.737 10.054,106.791 10.11,106.798 10.157,106.765 10.168,106.721 10.2,106.48 10.281,106.422 10.317)),((106.498 9.891,106.443 9.933,106.422 9.933,106.469 9.89,106.497 9.875,106.521 9.838,106.531 9.858,106.498 9.891)))
VN-51	POLYGON((106.246 10.077,106.206 10.056,106.188 10.022,106.141 10.001,106.132 9.987,106.138 9.96,106.126 9.943,106.097 9.939,106.062 9.926,105.997 9.889,106.065 9.804,106.25 9.631,106.337 9.585,106.398 9.542,106.439 9.541,106.464 9.555,106.485 9.547,106.519 9.563,106.544 9.585,106.563 9.614,106.576 9.649,106.581 9.7,106.575 9.739,106.538 9.751,106.528 9.762,106.519 9.802,106.501 9.834,106.476 9.862,106.389 9.933,106.313 10.008,106.283 10.051,106.246 10.077))
VN-52	MULTIPOLYGON(((106.211 9.621,106.155 9.679,106.107 9.747,106.126 9.672,106.162 9.624,106.197 9.61,106.234 9.581,106.249 9.56,106.244 9.535,106.284 9.544,106.292 9.586,106.279 9.596,106.223 9.608,106.211 9.621)),((105.902 9.917,105.832 9.755,105.82 9.719,105.793 9.712,105.674 9.641,105.569 9.61,105.578 9.459,105.6 9.418,105.635 9.411,105.657 9.396,105.692 9.384,105.736 9.38,105.773 9.392,105.802 9.391,105.833 9.364,105.868 9.255,106.018 9.315,106.193 9.369,106.195 9.399,106.169 9.418,106.206 9.457,106.208 9.511,106.197 9.541,106.093 9.693,106.073 9.748,105.902 9.917)),((106.663 8.74,106.658 8.767,106.598 8.732,106.571 8.706,106.56 8.682,106.583 8.651,106.599 8.652,106.602 8.695,106.643 8.704,106.639 8.737,106.663 8.74)))
VN-53	POLYGON((105.558 21.951,105.584 21.957,105.627 22.01,105.684 22.031,105.717 22.03,105.752 22.005,105.773 21.978,105.784 21.925,105.779 21.882,105.787 21.828,105.801 21.788,105.821 21.784,105.839 21.814,105.899 21.826,105.963 21.872,106.001 21.888,106.026 21.921,106.062 21.939,106.114 21.948,106.119 22.035,106.133 22.069,106.173 22.094,106.19 22.112,106.24 22.198,106.26 22.262,106.252 22.282,106.22 22.321,106.211 22.37,106.193 22.407,106.162 22.409,106.138 22.432,106.132 22.48,106.109 22.502,106.108 22.531,106.082 22.542,106.048 22.54,105.996 22.525,105.91 22.48,105.88 22.472,105.843 22.482,105.815 22.505,105.804 22.526,105.788 22.579,105.762 22.631,105.764 22.658,105.777 22.706,105.768 22.718,105.725 22.724,105.693 22.711,105.648 22.678,105.613 22.632,105.568 22.592,105.586 22.565,105.607 22.518,105.609 22.47,105.589 22.429,105.553 22.39,105.52 22.34,105.5 22.295,105.495 22.269,105.489 22.154,105.495 22.101,105.51 22.056,105.546 21.996,105.558 21.951))
VN-54	POLYGON((107.065 21.361,107.024 21.376,107.014 21.396,107.014 21.426,106.997 21.446,106.944 21.437,106.922 21.445,106.858 21.541,106.839 21.593,106.811 21.593,106.748 21.549,106.732 21.551,106.682 21.599,106.631 21.61,106.58 21.599,106.559 21.587,106.522 21.545,106.49 21.47,106.46 21.431,106.436 21.418,106.399 21.411,106.353 21.424,106.292 21.477,106.26 21.491,106.197 21.502,106.165 21.517,106.158 21.546,106.168 21.571,106.161 21.603,106.144 21.621,106.067 21.633,106.042 21.628,106.04 21.609,106.072 21.503,106.067 21.461,106.051 21.434,106.019 21.412,105.971 21.409,105.921 21.328,105.941 21.289,105.945 21.247,106.029 21.212,106.214 21.181,106.263 21.161,106.298 21.134,106.33 21.188,106.386 21.223,106.458 21.233,106.514 21.217,106.546 21.194,106.759 21.162,106.824 21.162,106.877 21.177,106.924 21.184,106.964 21.198,106.988 21.252,106.999 21.315,107.015 21.335,107.065 21.361))
VN-55	POLYGON((105.868 9.255,105.833 9.364,105.802 9.391,105.773 9.392,105.736 9.38,105.692 9.384,105.657 9.396,105.635 9.411,105.6 9.418,105.578 9.459,105.569 9.61,105.534 9.599,105.463 9.587,105.392 9.587,105.306 9.605,105.293 9.587,105.31 9.516,105.282 9.471,105.283 9.447,105.299 9.425,105.28 9.406,105.305 9.372,105.287 9.331,105.317 9.297,105.281 9.236,105.283 9.205,105.311 9.196,105.317 9.154,105.331 9.103,105.351 9.074,105.398 9.058,105.42 9.033,105.426 9.008,105.444 9.041,105.47 9.062,105.539 9.129,105.76 9.211,105.868 9.255))
VN-56	POLYGON((106.152 20.998,106.226 20.986,106.278 20.991,106.307 21.013,106.314 21.071,106.298 21.134,106.263 21.161,106.214 21.181,106.029 21.212,105.945 21.247,105.925 21.222,105.918 21.192,105.929 21.127,105.951 21.096,105.998 21.063,106.01 21.046,106.013 21.017,106.005 20.991,106.023 20.998,106.077 21.002,106.152 20.998))
VN-57	POLYGON((106.43 11.124,106.486 11.136,106.514 11.136,106.531 11.121,106.574 11.049,106.592 11.034,106.611 11.034,106.619 11.01,106.654 10.966,106.712 10.881,106.735 10.875,106.799 10.895,106.836 10.888,106.832 10.917,106.788 10.981,106.784 11.026,106.801 11.046,106.827 11.056,106.878 11.027,106.912 11.029,106.955 11.064,106.973 11.095,106.975 11.122,106.954 11.171,106.935 11.188,106.934 11.215,106.965 11.284,106.933 11.285,106.885 11.3,106.812 11.33,106.778 11.335,106.753 11.312,106.729 11.305,106.715 11.318,106.721 11.346,106.689 11.357,106.684 11.335,106.648 11.317,106.614 11.379,106.619 11.431,106.601 11.449,106.557 11.473,106.521 11.485,106.514 11.509,106.464 11.553,106.431 11.493,106.379 11.437,106.353 11.381,106.343 11.344,106.341 11.305,106.347 11.273,106.381 11.196,106.421 11.156,106.43 11.124))
VN-58	POLYGON((107.228 12.311,107.153 12.277,107.116 12.232,107.078 12.203,107.046 12.164,106.978 12.097,106.953 12.081,106.916 12.067,106.879 12.063,106.791 12.067,106.749 12.052,106.733 12.029,106.721 11.996,106.702 11.971,106.639 11.961,106.552 11.973,106.505 11.973,106.474 11.952,106.442 11.975,106.417 11.976,106.395 11.966,106.433 11.888,106.439 11.864,106.421 11.838,106.418 11.803,106.398 11.762,106.399 11.746,106.435 11.678,106.46 11.67,106.471 11.654,106.487 11.593,106.489 11.561,106.464 11.553,106.514 11.509,106.521 11.485,106.557 11.473,106.601 11.449,106.619 11.431,106.614 11.379,106.648 11.317,106.684 11.335,106.689 11.357,106.721 11.346,106.715 11.318,106.729 11.305,106.753 11.312,106.778 11.335,106.812 11.33,106.885 11.3,106.933 11.285,106.965 11.284,106.987 11.295,107.001 11.314,107.047 11.354,107.084 11.409,107.09 11.446,107.104 11.475,107.14 11.499,107.234 11.528,107.309 11.566,107.307 11.586,107.282 11.628,107.284 11.655,107.304 11.693,107.328 11.718,107.39 11.752,107.4 11.785,107.397 11.807,107.374 11.851,107.36 11.918,107.33 11.957,107.273 11.995,107.258 12.02,107.247 12.065,107.228 12.311))
VN-59	POLYGON((105.426 9.008,105.42 9.033,105.398 9.058,105.351 9.074,105.331 9.103,105.317 9.154,105.311 9.196,105.283 9.205,105.281 9.236,105.317 9.297,105.287 9.331,105.305 9.372,105.28 9.406,105.241 9.417,105.088 9.493,105.024 9.528,104.969 9.53,104.936 9.517,104.913 9.52,104.873 9.508,104.834 9.534,104.826 9.401,104.826 9.34,104.819 9.193,104.811 9.133,104.807 9.046,104.812 8.937,104.775 8.818,104.792 8.784,104.817 8.771,104.858 8.781,104.922 8.809,104.916 8.79,104.929 8.747,104.912 8.735,104.853 8.729,104.853 8.713,104.876 8.699,104.907 8.7,104.912 8.685,104.846 8.698,104.835 8.66,104.759 8.616,104.752 8.591,104.815 8.581,104.856 8.566,105.101 8.634,105.126 8.66,105.154 8.706,105.184 8.741,105.217 8.755,105.259 8.76,105.293 8.788,105.334 8.84,105.408 8.98,105.408 9.001,105.426 9.008))
VN-61	POLYGON((106.417 20.719,106.461 20.721,106.481 20.733,106.536 20.782,106.541 20.804,106.506 20.822,106.491 20.844,106.497 20.86,106.535 20.888,106.536 20.936,106.557 20.956,106.587 20.964,106.605 21.025,106.578 21.042,106.478 21.053,106.444 21.064,106.441 21.099,106.457 21.115,106.495 21.13,106.516 21.15,106.546 21.194,106.514 21.217,106.458 21.233,106.386 21.223,106.33 21.188,106.298 21.134,106.314 21.071,106.307 21.013,106.278 20.991,106.226 20.986,106.152 20.998,106.16 20.926,106.132 20.87,106.122 20.833,106.138 20.796,106.192 20.76,106.257 20.696,106.417 20.719))
VN-63	POLYGON((105.951 20.337,105.952 20.391,105.969 20.419,105.993 20.424,105.999 20.409,106.026 20.413,106.056 20.474,106.071 20.483,106.184 20.491,106.168 20.546,106.137 20.575,106.125 20.625,106.112 20.632,106.077 20.615,106.06 20.617,106.032 20.654,106.025 20.674,106.033 20.702,106.007 20.713,105.987 20.687,105.955 20.675,105.921 20.679,105.866 20.657,105.832 20.663,105.817 20.647,105.786 20.568,105.809 20.493,105.841 20.419,105.861 20.395,105.902 20.363,105.951 20.337))
VN-66	POLYGON((106.257 20.696,106.192 20.76,106.138 20.796,106.122 20.833,106.132 20.87,106.16 20.926,106.152 20.998,106.077 21.002,106.023 20.998,106.005 20.991,105.933 20.979,105.912 20.966,105.896 20.907,105.925 20.887,105.912 20.84,105.92 20.801,105.956 20.787,105.965 20.771,105.968 20.732,105.981 20.717,106.007 20.713,106.033 20.702,106.025 20.674,106.032 20.654,106.06 20.617,106.077 20.615,106.112 20.632,106.113 20.65,106.139 20.667,106.206 20.667,106.257 20.696))
VN-67	POLYGON((106.503 20.301,106.487 20.286,106.45 20.287,106.41 20.316,106.386 20.341,106.349 20.365,106.323 20.361,106.278 20.33,106.264 20.344,106.28 20.379,106.272 20.406,106.234 20.41,106.214 20.424,106.215 20.475,106.184 20.491,106.071 20.483,106.056 20.474,106.026 20.413,105.999 20.409,105.993 20.424,105.969 20.419,105.952 20.391,105.951 20.337,105.964 20.283,105.977 20.271,106.02 20.264,106.057 20.24,106.094 20.252,106.119 20.233,106.155 20.218,106.162 20.174,106.152 20.127,106.115 20.033,106.101 19.98,106.124 19.975,106.161 19.984,106.184 20.004,106.196 20.033,106.212 20.021,106.236 20.048,106.259 20.061,106.284 20.095,106.306 20.109,106.34 20.15,106.36 20.184,106.395 20.205,106.505 20.217,106.57 20.232,106.572 20.247,106.549 20.291,106.525 20.308,106.503 20.301))
VN-68	POLYGON((105.317 21.514,105.279 21.569,105.233 21.619,105.176 21.667,105.112 21.704,105.072 21.679,104.998 21.661,104.947 21.64,104.922 21.621,104.89 21.567,104.888 21.523,104.896 21.485,104.918 21.42,104.919 21.398,104.895 21.365,104.829 21.33,104.866 21.25,104.876 21.204,104.872 21.149,104.878 21.13,104.909 21.101,104.92 21.073,104.942 21.054,105.042 21.009,105.115 20.95,105.159 20.937,105.211 20.938,105.296 20.916,105.333 20.919,105.33 20.981,105.308 21.012,105.285 21.054,105.287 21.076,105.306 21.127,105.282 21.171,105.285 21.192,105.343 21.238,105.34 21.273,105.354 21.301,105.395 21.312,105.415 21.307,105.429 21.276,105.458 21.3,105.452 21.324,105.419 21.362,105.392 21.409,105.364 21.417,105.344 21.435,105.317 21.514))
VN-69	POLYGON((105.578 21.544,105.636 21.489,105.74 21.418,105.756 21.4,105.772 21.362,105.805 21.373,105.848 21.364,105.895 21.334,105.921 21.328,105.971 21.409,106.019 21.412,106.051 21.434,106.067 21.461,106.072 21.503,106.04 21.609,106.042 21.628,106.067 21.633,106.144 21.621,106.161 21.603,106.168 21.571,106.208 21.631,106.255 21.677,106.253 21.695,106.181 21.785,106.142 21.805,106.136 21.846,106.118 21.898,106.114 21.948,106.062 21.939,106.026 21.921,106.001 21.888,105.963 21.872,105.899 21.826,105.839 21.814,105.821 21.784,105.801 21.788,105.787 21.828,105.779 21.882,105.784 21.925,105.773 21.978,105.752 22.005,105.717 22.03,105.684 22.031,105.627 22.01,105.584 21.957,105.558 21.951,105.534 21.867,105.518 21.672,105.522 21.608,105.555 21.557,105.578 21.544))
VN-70	POLYGON((105.429 21.276,105.44 21.236,105.456 21.209,105.495 21.174,105.514 21.167,105.657 21.161,105.709 21.137,105.738 21.114,105.761 21.121,105.778 21.157,105.78 21.179,105.766 21.263,105.774 21.328,105.772 21.362,105.756 21.4,105.74 21.418,105.636 21.489,105.578 21.544,105.539 21.52,105.46 21.497,105.393 21.496,105.317 21.514,105.344 21.435,105.364 21.417,105.392 21.409,105.419 21.362,105.452 21.324,105.458 21.3,105.429 21.276))
VN-71	POLYGON((102.119 22.398,102.141 22.342,102.153 22.332,102.154 22.305,102.201 22.265,102.207 22.245,102.226 22.228,102.286 22.2,102.358 22.135,102.389 22.117,102.405 22.098,102.422 22.062,102.483 22.021,102.466 21.995,102.478 21.958,102.516 21.939,102.56 21.925,102.591 21.901,102.625 21.829,102.635 21.788,102.63 21.729,102.637 21.684,102.651 21.658,102.721 21.662,102.752 21.681,102.775 21.708,102.787 21.74,102.789 21.82,102.807 21.836,102.826 21.821,102.835 21.776,102.832 21.736,102.847 21.704,102.865 21.706,102.948 21.737,102.962 21.702,102.961 21.633,102.974 21.575,102.917 21.514,102.895 21.495,102.85 21.425,102.904 21.453,102.917 21.439,102.884 21.388,102.875 21.305,102.863 21.294,102.829 21.286,102.813 21.274,102.809 21.251,102.85 21.252,102.888 21.227,102.883 21.186,102.889 21.166,102.914 21.158,102.926 21.141,102.935 21.102,102.952 21.069,102.999 21.057,103.015 21.041,103.068 20.931,103.115 20.868,103.147 20.846,103.207 20.825,103.226 20.826,103.228 20.89,103.24 20.928,103.244 20.963,103.258 20.989,103.279 21.001,103.292 21.025,103.286 21.07,103.295 21.083,103.318 21.081,103.345 21.063,103.38 21.053,103.417 21.055,103.438 21.073,103.421 21.13,103.421 21.16,103.44 21.2,103.45 21.267,103.439 21.305,103.402 21.332,103.393 21.377,103.378 21.406,103.397 21.427,103.436 21.443,103.454 21.465,103.466 21.505,103.481 21.524,103.526 21.561,103.562 21.611,103.569 21.674,103.557 21.754,103.55 21.887,103.497 21.968,103.462 21.99,103.458 22.031,103.441 22.062,103.417 22.081,103.4 22.136,103.361 22.158,103.324 22.149,103.267 22.082,103.264 22.048,103.177 22.088,103.14 22.086,103.096 22.122,103.04 22.148,102.952 22.136,102.922 22.156,102.908 22.203,102.89 22.212,102.845 22.205,102.825 22.233,102.818 22.297,102.8 22.331,102.777 22.36,102.737 22.393,102.701 22.414,102.663 22.424,102.645 22.436,102.578 22.507,102.568 22.524,102.537 22.542,102.509 22.567,102.458 22.562,102.379 22.576,102.325 22.565,102.253 22.495,102.243 22.477,102.231 22.426,102.218 22.411,102.165 22.426,102.129 22.411,102.119 22.398))
VN-72	POLYGON((107.54 12.717,107.565 12.606,107.563 12.544,107.55 12.509,107.557 12.473,107.527 12.391,107.514 12.344,107.5 12.326,107.45 12.299,107.416 12.254,107.393 12.253,107.374 12.269,107.344 12.315,107.32 12.329,107.276 12.325,107.228 12.311,107.247 12.065,107.258 12.02,107.273 11.995,107.33 11.957,107.36 11.918,107.374 11.851,107.397 11.807,107.4 11.785,107.39 11.752,107.443 11.744,107.476 11.755,107.502 11.773,107.563 11.787,107.622 11.825,107.676 11.873,107.702 11.907,107.736 11.906,107.746 11.87,107.786 11.849,107.874 11.864,107.903 11.844,107.903 11.81,107.915 11.793,107.96 11.797,107.978 11.791,107.998 11.77,108.024 11.786,108.06 11.822,108.08 11.85,108.089 11.879,108.093 11.922,108.088 11.94,108.064 11.953,108.057 11.972,108.02 12.015,108.018 12.04,107.985 12.067,107.999 12.126,108.014 12.121,108.054 12.146,108.095 12.14,108.118 12.152,108.129 12.201,108.101 12.221,108.077 12.264,108.03 12.298,107.979 12.307,107.941 12.354,107.93 12.41,107.935 12.425,107.964 12.44,107.978 12.434,108 12.467,108.006 12.487,107.976 12.512,107.922 12.53,107.908 12.544,107.912 12.566,107.874 12.592,107.864 12.683,107.842 12.721,107.666 12.721,107.54 12.717))
VN-73	POLYGON((105.839 10.005,105.811 10.037,105.78 10.064,105.709 10.109,105.692 10.123,105.63 10.102,105.524 10.079,105.423 10.044,105.469 9.995,105.519 9.952,105.529 9.908,105.519 9.858,105.504 9.834,105.389 9.727,105.362 9.683,105.393 9.643,105.392 9.587,105.463 9.587,105.534 9.599,105.569 9.61,105.674 9.641,105.793 9.712,105.82 9.719,105.832 9.755,105.902 9.917,105.838 9.979,105.839 10.005))
VN-CT	POLYGON((105.423 10.044,105.524 10.079,105.63 10.102,105.692 10.123,105.709 10.143,105.704 10.167,105.716 10.182,105.738 10.183,105.768 10.163,105.819 10.143,105.85 10.139,105.881 10.146,105.909 10.172,105.916 10.205,105.911 10.222,105.882 10.241,105.876 10.267,105.849 10.301,105.8 10.32,105.767 10.344,105.722 10.395,105.7 10.408,105.632 10.417,105.583 10.447,105.534 10.403,105.494 10.334,105.492 10.309,105.473 10.275,105.43 10.274,105.389 10.238,105.368 10.234,105.333 10.273,105.315 10.274,105.303 10.254,105.266 10.235,105.241 10.2,105.273 10.175,105.324 10.142,105.351 10.119,105.423 10.044))
VN-DN	POLYGON((108.2 16.212,108.133 16.202,108.084 16.208,108.042 16.221,107.973 16.221,107.953 16.216,107.921 16.18,107.886 16.113,107.856 16.088,107.934 16.079,107.988 16.09,108.007 16.086,108.016 16.003,108.055 15.978,108.101 15.977,108.183 15.997,108.282 15.99,108.265 16.032,108.259 16.071,108.266 16.107,108.28 16.102,108.318 16.112,108.348 16.135,108.331 16.155,108.317 16.135,108.286 16.145,108.266 16.162,108.245 16.162,108.225 16.127,108.247 16.123,108.241 16.091,108.198 16.072,108.182 16.091,108.143 16.119,108.142 16.148,108.154 16.171,108.2 16.212))
VN-HN	POLYGON((105.786 20.568,105.817 20.647,105.832 20.663,105.866 20.657,105.921 20.679,105.955 20.675,105.987 20.687,106.007 20.713,105.981 20.717,105.968 20.732,105.965 20.771,105.956 20.787,105.92 20.801,105.912 20.84,105.925 20.887,105.896 20.907,105.912 20.966,105.933 20.979,106.005 20.991,106.013 21.017,106.01 21.046,105.998 21.063,105.951 21.096,105.929 21.127,105.918 21.192,105.925 21.222,105.945 21.247,105.941 21.289,105.921 21.328,105.895 21.334,105.848 21.364,105.805 21.373,105.772 21.362,105.774 21.328,105.766 21.263,105.78 21.179,105.778 21.157,105.761 21.121,105.738 21.114,105.709 21.137,105.657 21.161,105.514 21.167,105.495 21.174,105.456 21.209,105.44 21.236,105.429 21.276,105.415 21.307,105.395 21.312,105.354 21.301,105.34 21.273,105.343 21.238,105.285 21.192,105.282 21.171,105.306 21.127,105.287 21.076,105.285 21.054,105.308 21.012,105.376 21.023,105.437 21.019,105.465 21.011,105.504 20.987,105.527 20.955,105.531 20.916,105.509 20.879,105.507 20.846,105.531 20.814,105.613 20.762,105.64 20.722,105.654 20.68,105.68 20.638,105.705 20.62,105.754 20.601,105.786 20.568))
VN-HP	POLYGON((106.651 21.018,106.605 21.025,106.587 20.964,106.557 20.956,106.536 20.936,106.535 20.888,106.497 20.86,106.491 20.844,106.506 20.822,106.541 20.804,106.536 20.782,106.481 20.733,106.461 20.721,106.417 20.719,106.431 20.671,106.449 20.628,106.469 20.601,106.537 20.612,106.551 20.634,106.594 20.647,106.621 20.63,106.654 20.631,106.683 20.643,106.703 20.672,106.704 20.691,106.741 20.698,106.767 20.713,106.806 20.678,106.789 20.731,106.756 20.751,106.725 20.79,106.749 20.804,106.753 20.826,106.744 20.849,106.708 20.871,106.7 20.883,106.718 20.904,106.738 20.883,106.757 20.908,106.755 20.939,106.676 20.959,106.651 21.018))
VN-SG	MULTIPOLYGON(((106.936 10.439,106.948 10.507,106.928 10.521,106.888 10.505,106.895 10.481,106.874 10.426,106.895 10.371,106.928 10.394,106.977 10.405,106.936 10.439)),((106.909 10.532,106.93 10.549,106.922 10.58,106.929 10.598,106.878 10.636,106.854 10.631,106.871 10.608,106.856 10.562,106.89 10.525,106.909 10.532)),((106.984 10.567,106.964 10.605,106.893 10.67,106.854 10.658,106.836 10.661,106.807 10.685,106.757 10.705,106.754 10.773,106.79 10.754,106.829 10.771,106.87 10.762,106.885 10.797,106.881 10.814,106.836 10.888,106.799 10.895,106.735 10.875,106.712 10.881,106.654 10.966,106.619 11.01,106.611 11.034,106.592 11.034,106.574 11.049,106.531 11.121,106.514 11.136,106.486 11.136,106.43 11.124,106.419 11.065,106.391 11.01,106.364 10.982,106.436 10.949,106.477 10.925,106.512 10.886,106.525 10.851,106.523 10.802,106.495 10.736,106.523 10.71,106.611 10.669,106.645 10.639,106.658 10.637,106.687 10.653,106.711 10.651,106.744 10.618,106.739 10.561,106.744 10.552,106.752 10.576,106.772 10.604,106.759 10.641,106.741 10.669,106.772 10.686,106.814 10.652,106.829 10.63,106.882 10.652,106.943 10.601,106.938 10.549,106.943 10.529,106.964 10.501,106.972 10.474,106.994 10.513,106.984 10.567)),((106.874 10.46,106.864 10.487,106.872 10.515,106.84 10.559,106.854 10.584,106.848 10.614,106.808 10.634,106.775 10.666,106.752 10.666,106.779 10.624,106.786 10.601,106.779 10.576,106.752 10.567,106.759 10.543,106.759 10.488,106.792 10.437,106.816 10.415,106.84 10.405,106.859 10.413,106.86 10.432,106.844 10.47,106.874 10.46)))
