Africa/Algiers	DZ
Africa/Bissau	GW
Africa/Cairo	EG
Africa/Casablanca	MA
Africa/Ceuta	ES
Africa/El_Aaiun	EH
Africa/Juba	SS
Africa/Khartoum	SD
Africa/Monrovia	LR
Africa/Ndjamena	TD
Africa/Sao_Tome	ST
Africa/Tripoli	LY
Africa/Tunis	TN
Africa/Windhoek	NA
America/Adak	US
America/Anchorage	US
America/Araguaina	BR
America/Argentina/Buenos_Aires	AR
America/Argentina/Catamarca	AR
America/Argentina/ComodRivadavia	AR
America/Argentina/Cordoba	AR
America/Argentina/Jujuy	AR
America/Argentina/La_Rioja	AR
America/Argentina/Mendoza	AR
America/Argentina/Rio_Gallegos	AR
America/Argentina/Salta	AR
America/Argentina/San_Juan	AR
America/Argentina/San_Luis	AR
America/Argentina/Tucuman	AR
America/Argentina/Ushuaia	AR
America/Asuncion	PY
America/Atka	US
America/Bahia	BR
America/Bahia_Banderas	MX
America/Barbados	BB
America/Belem	BR
America/Belize	BZ
America/Boa_Vista	BR
America/Bogota	CO
America/Boise	US
America/Buenos_Aires	AR
America/Cambridge_Bay	CA
America/Campo_Grande	BR
America/Cancun	MX
America/Caracas	VE
America/Catamarca	AR
America/Cayenne	GF
America/Chicago	US
America/Chihuahua	MX
America/Ciudad_Juarez	MX
America/Cordoba	AR
America/Costa_Rica	CR
America/Coyhaique	CL
America/Cuiaba	BR
America/Danmarkshavn	GL
America/Dawson	CA
America/Dawson_Creek	CA
America/Denver	US
America/Detroit	US
America/Edmonton	CA
America/Eirunepe	BR
America/El_Salvador	SV
America/Ensenada	MX
America/Fort_Nelson	CA
America/Fort_Wayne	US
America/Fortaleza	BR
America/Glace_Bay	CA
America/Godthab	GL
America/Goose_Bay	CA
America/Grand_Turk	TC
America/Guatemala	GT
America/Guayaquil	EC
America/Guyana	GY
America/Halifax	CA
America/Havana	CU
America/Hermosillo	MX
America/Indiana/Indianapolis	US
America/Indiana/Knox	US
America/Indiana/Marengo	US
America/Indiana/Petersburg	US
America/Indiana/Tell_City	US
America/Indiana/Vevay	US
America/Indiana/Vincennes	US
America/Indiana/Winamac	US
America/Indianapolis	US
America/Inuvik	CA
America/Iqaluit	CA
America/Jamaica	JM
America/Jujuy	AR
America/Juneau	US
America/Kentucky/Louisville	US
America/Kentucky/Monticello	US
America/Knox_IN	US
America/La_Paz	BO
America/Lima	PE
America/Los_Angeles	US
America/Louisville	US
America/Maceio	BR
America/Managua	NI
America/Manaus	BR
America/Martinique	MQ
America/Matamoros	MX
America/Mazatlan	MX
America/Mendoza	AR
America/Menominee	US
America/Merida	MX
America/Metlakatla	US
America/Mexico_City	MX
America/Miquelon	PM
America/Moncton	CA
America/Monterrey	MX
America/Montevideo	UY
America/New_York	US
America/Nome	US
America/Noronha	BR
America/North_Dakota/Beulah	US
America/North_Dakota/Center	US
America/North_Dakota/New_Salem	US
America/Nuuk	GL
America/Ojinaga	MX
America/Pangnirtung	CA
America/Paramaribo	SR
America/Port-au-Prince	HT
America/Porto_Acre	BR
America/Porto_Velho	BR
America/Punta_Arenas	CL
America/Rainy_River	CA
America/Rankin_Inlet	CA
America/Recife	BR
America/Regina	CA
America/Resolute	CA
America/Rio_Branco	BR
America/Rosario	AR
America/Santa_Isabel	MX
America/Santarem	BR
America/Santiago	CL
America/Santo_Domingo	DO
America/Sao_Paulo	BR
America/Scoresbysund	GL
America/Shiprock	US
America/Sitka	US
America/St_Johns	CA
America/Swift_Current	CA
America/Tegucigalpa	HN
America/Thule	GL
America/Tijuana	MX
America/Vancouver	CA
America/Whitehorse	CA
America/Winnipeg	CA
America/Yakutat	US
America/Yellowknife	CA
Antarctica/Casey	AQ
Antarctica/Davis	AQ
Antarctica/Macquarie	AU
Antarctica/Mawson	AQ
Antarctica/Palmer	AQ
Antarctica/Rothera	AQ
Antarctica/Troll	AQ
Antarctica/Vostok	AQ
Asia/Almaty	KZ
Asia/Amman	JO
Asia/Anadyr	RU
Asia/Aqtau	KZ
Asia/Aqtobe	KZ
Asia/Ashgabat	TM
Asia/Ashkhabad	TM
Asia/Atyrau	KZ
Asia/Baghdad	IQ
Asia/Baku	AZ
Asia/Barnaul	RU
Asia/Beirut	LB
Asia/Bishkek	KG
Asia/Calcutta	IN
Asia/Chita	RU
Asia/Choibalsan	MN
Asia/Chongqing	CN
Asia/Chungking	CN
Asia/Colombo	LK
Asia/Dacca	BD
Asia/Damascus	SY
Asia/Dhaka	BD
Asia/Dili	TL
Asia/Dushanbe	TJ
Asia/Famagusta	CY
Asia/Gaza	PS
Asia/Harbin	CN
Asia/Hebron	PS
Asia/Ho_Chi_Minh	VN
Asia/Hong_Kong	HK
Asia/Hovd	MN
Asia/Irkutsk	RU
Asia/Istanbul	TR
Asia/Jakarta	ID
Asia/Jayapura	ID
Asia/Jerusalem	IL
Asia/Kabul	AF
Asia/Kamchatka	RU
Asia/Karachi	PK
Asia/Kashgar	CN
Asia/Kathmandu	NP
Asia/Katmandu	NP
Asia/Khandyga	RU
Asia/Kolkata	IN
Asia/Krasnoyarsk	RU
Asia/Macao	MO
Asia/Macau	MO
Asia/Magadan	RU
Asia/Makassar	ID
Asia/Manila	PH
Asia/Nicosia	CY
Asia/Novokuznetsk	RU
Asia/Novosibirsk	RU
Asia/Omsk	RU
Asia/Oral	KZ
Asia/Pontianak	ID
Asia/Pyongyang	KP
Asia/Qostanay	KZ
Asia/Qyzylorda	KZ
Asia/Saigon	VN
Asia/Sakhalin	RU
Asia/Samarkand	UZ
Asia/Seoul	KR
Asia/Shanghai	CN
Asia/Srednekolymsk	RU
Asia/Taipei	TW
Asia/Tashkent	UZ
Asia/Tbilisi	GE
Asia/Tehran	IR
Asia/Tel_Aviv	IL
Asia/Thimbu	BT
Asia/Thimphu	BT
Asia/Tomsk	RU
Asia/Ujung_Pandang	ID
Asia/Ulaanbaatar	MN
Asia/Ulan_Bator	MN
Asia/Urumqi	CN
Asia/Ust-Nera	RU
Asia/Vladivostok	RU
Asia/Yakutsk	RU
Asia/Yekaterinburg	RU
Asia/Yerevan	AM
Atlantic/Azores	PT
Atlantic/Bermuda	BM
Atlantic/Canary	ES
Atlantic/Cape_Verde	CV
Atlantic/Faeroe	FO
Atlantic/Faroe	FO
Atlantic/Madeira	PT
Atlantic/South_Georgia	GS
Atlantic/Stanley	FK
Australia/ACT	AU
Australia/Adelaide	AU
Australia/Brisbane	AU
Australia/Broken_Hill	AU
Australia/Canberra	AU
Australia/Currie	AU
Australia/Darwin	AU
Australia/Eucla	AU
Australia/Hobart	AU
Australia/LHI	AU
Australia/Lindeman	AU
Australia/Lord_Howe	AU
Australia/Melbourne	AU
Australia/North	AU
Australia/NSW	AU
Australia/Perth	AU
Australia/Queensland	AU
Australia/South	AU
Australia/Sydney	AU
Australia/Tasmania	AU
Australia/Victoria	AU
Australia/West	AU
Australia/Yancowinna	AU
Brazil/Acre	BR
Brazil/DeNoronha	BR
Brazil/East	BR
Brazil/West	BR
Canada/Atlantic	CA
Canada/Central	CA
Canada/Mountain	CA
Canada/Newfoundland	CA
Canada/Pacific	CA
Canada/Saskatchewan	CA
Canada/Yukon	CA
Chile/Continental	CL
Chile/EasterIsland	CL
Cuba	CU
EET	GR
Egypt	EG
Eire	IE
Europe/Andorra	AD
Europe/Astrakhan	RU
Europe/Athens	GR
Europe/Bucharest	RO
Europe/Budapest	HU
Europe/Chisinau	MD
Europe/Dublin	IE
Europe/Gibraltar	GI
Europe/Istanbul	TR
Europe/Kaliningrad	RU
Europe/Kiev	UA
Europe/Kirov	RU
Europe/Kyiv	UA
Europe/Lisbon	PT
Europe/Madrid	ES
Europe/Malta	MT
Europe/Minsk	BY
Europe/Moscow	RU
Europe/Nicosia	CY
Europe/Riga	LV
Europe/Samara	RU
Europe/Saratov	RU
Europe/Sofia	BG
Europe/Tallinn	EE
Europe/Tirane	AL
Europe/Tiraspol	MD
Europe/Ulyanovsk	RU
Europe/Uzhgorod	UA
Europe/Vienna	AT
Europe/Vilnius	LT
Europe/Volgograd	RU
Europe/Warsaw	PL
Europe/Zaporozhye	UA
Hongkong	HK
HST	US
Indian/Chagos	IO
Indian/Mauritius	MU
Iran	IR
Israel	IL
Jamaica	JM
Kwajalein	MH
Libya	LY
Mexico/BajaNorte	MX
Mexico/BajaSur	MX
Mexico/General	MX
Navajo	US
NZ-CHAT	NZ
Pacific/Apia	WS
Pacific/Bougainville	PG
Pacific/Chatham	NZ
Pacific/Easter	CL
Pacific/Efate	VU
Pacific/Enderbury	KI
Pacific/Fakaofo	TK
Pacific/Fiji	FJ
Pacific/Galapagos	EC
Pacific/Gambier	PF
Pacific/Honolulu	US
Pacific/Johnston	US
Pacific/Kanton	KI
Pacific/Kiritimati	KI
Pacific/Kosrae	FM
Pacific/Kwajalein	MH
Pacific/Marquesas	PF
Pacific/Nauru	NR
Pacific/Niue	NU
Pacific/Norfolk	NF
Pacific/Noumea	NC
Pacific/Palau	PW
Pacific/Pitcairn	PN
Pacific/Rarotonga	CK
Pacific/Tahiti	PF
Pacific/Tongatapu	TO
Poland	PL
Portugal	PT
PRC	CN
ROC	TW
ROK	KR
Turkey	TR
US/Alaska	US
US/Aleutian	US
US/Central	US
US/East-Indiana	US
US/Eastern	US
US/Hawaii	US
US/Indiana-Starke	US
US/Michigan	US
US/Mountain	US
US/Pacific	US
W-SU	RU
WET	PT
